authors,year_published,title,entity_id,entity,theme,type,spatial_scale,time_slice,latitude,longitude,is_published,raw_data_available,DOI_paper,DOI_data,URL,Who
Dommain et al.,2020,"The Challenges of Reconstructing Tropical Biodiversity With Sedimentary Ancient DNA: A 2200-Year-Long Metagenomic Record From Bwindi Impenetrable Forest, Uganda","Dommain et al. 2020. The Challenges of Reconstructing Tropical Biodiversity With Sedimentary Ancient DNA: A 2200-Year-Long Metagenomic Record From Bwindi Impenetrable Forest, Uganda",forest; aquatic; peat bog,paleoecology,study_case,local,pre-colonial,-1.03,29.69,Yes,Yes,10.3389/fevo.2020.00218,,,
Bremond et al. ,2017,Five thousand years of tropical lake sediment DNA records from Benin,Bremond et al. 2017. Five thousand years of tropical lake sediment DNA records from Benin,forest; limnic,paleoecology,study_case,local,pre-colonial,7.16,2.44,Yes,Yes,10.1016/j.quascirev.2017.06.025,,,
Boessenkool et al. ,2014,Use of Ancient Sedimentary DNA as a Novel Conservation Tool for High-Altitude Tropical Biodiversity,Boessenkool et al. 2014. Use of Ancient Sedimentary DNA as a Novel Conservation Tool for High-Altitude Tropical Biodiversity,montane forest; limnic,paleoecology,study_case,local,pre-colonial,-1.39,29.65,Yes,Yes,10.1111/cobi.12195,,,
Benito et al.,2019,Lake regionalization and diatom metacommunity structuring in tropical South America,Benito et al. Colombia lowland lakes,tropical rainforest; lake,limnology,dataset,regional,modern,5.85,-74.25,Yes,Yes,,https://doi.org/10.5061/dryad.6jk8h77,,Xavier Benito
Benito et al.,2019,Lake regionalization and diatom metacommunity structuring in tropical South America,Benito et al. Bolivia Pantanal,tropical savanna; lake,limnology,dataset,regional,modern,-16.2,-60.47,Yes,Yes,,https://doi.org/10.5061/dryad.6jk8h77,,Xavier Benito
Benito et al.,2019,Lake regionalization and diatom metacommunity structuring in tropical South America,Benito et al. Peruvian Amazon,Amazonian forest; lake,limnology,dataset,regional,modern,-12.04,-71.2,Yes,Yes,,https://doi.org/10.5061/dryad.6jk8h77,,Xavier Benito
Benito et al.,2019,Lake regionalization and diatom metacommunity structuring in tropical South America,Benito et al. Bolivian Amazon,Amazonian forest; lake,limnology,dataset,regional,modern,-16.6,-65.15,Yes,Yes,,https://doi.org/10.5061/dryad.6jk8h77,,Xavier Benito
Whitney et al. ,2011,A 45kyr palaeoclimate record from the lowland interior of tropical South America,Whitney et al. 2011. A 45kyr palaeoclimate record from the lowland interior of tropical South America,tropical savanna; lake,paleoecology,study_case,local,pre-human,-17.78,-57.72,Yes,No,10.1016/j.palaeo.2011.05.012,,,Xavier Benito
Brugger et al. ,2016,Long-term man–environment interactions in the Bolivian Amazon: 8000 years of vegetation dynamics,"Bolivia,riparian forest",Amazonia forest; lake,paleoecology,study_case,regional,pre-colonial,-13,-65.99,Yes,Yes,10.1016/j.quascirev.2015.11.001,,,
Lawrence et al. ,2020,An open-source database for the synthesis of soil radiocarbon data: International Soil Radiocarbon Database (ISRaD) version 1.0,Soil radiocarbon ,terrestrial ecosystems,"paleoecology, paleopedology",review,global,pre-human,,,Yes,Yes,https://essd.copernicus.org/articles/12/61/2020/,,https://soilradiocarbon.org/,
Roy et a. ,2015,Development of Decadal (1985–1995–2005) Land Use and Land Cover Database for India ,Indian LULC,Indian terrestrial ecosystems ,"Ecology, social",review,regional,modern,22.45,79.31,Yes,Yes,10.3390/rs70302401,,,
Harris et al. ,2021,Global maps of twenty-first century forest carbon fluxes,Forest carbon flux,Global forests carbon flux,Ecology,review,global,modern,,,Yes,Yes,10.1038/s41558-020-00976-6,,,
Hansen et al.,2013,High-Resolution Global Maps of 21st-Century Forest Cover Change,Forest cover change,Global forests cover ,Ecology,review,global ,modern,,,Yes,Yes,10.1126/science.1244693,,,
Jian et al.,2021,A restructured and updated global soil respiration database (SRDB-V5) ,Soil respiration,terrestrial ecosystems,Ecology,review,global,modern,,,Yes,Yes,10.5194/essd-13-255-2021,,,
Kulkarni et al.,2021,Synergistic impacts of anthropogenic fires and aridity on plant diversity in the Western Ghats: Implications for management of ancient social-ecological systems,"Western Ghats, India","Tropical rainforest, swamp",Paleoecology; archaeology,study_case,regional,modern; pre-colonial; pre-historic (~0-8 kyr BP),12.15,75.7,Yes,Yes,https://doi.org/10.1016/j.jenvman.2021.111957,In the upload stage (Will make it happen soon),https://www.sciencedirect.com/science/article/pii/S0301479721000190,
Aleman et al. ,2019,Palaeo-trajectories of forest savannization in the southern Congo,Aleman et al. 2019. Palaeo-trajectories of forest savannization in the southern Congo,forest-savanna transition; lake,Paleoecology,dataset,local,pre-colonial,-3.8,14.8,Yes,Yes,https://doi.org/10.1098/rsbl.2019.0284,https://doi.org/10.5061/dryad.jq1f218,,
Pupim et al. ,2019,Chronology of Terra Firme formation in Amazonian lowlands reveals a dynamic Quaternary landscape,Pupim et al 2019 Chronology of Terra Firme formation in Amazonian lowlands reveals a dynamic Quaternary landscape,Amazonian landscape; fluvial terraces,Geomorphology,dataset,regional,late Quaternary,-3,-65,Yes,Yes,https://doi.org/10.1016/j.quascirev.2019.03.008,https://doi.org/10.1016/j.quascirev.2019.03.008,,
Asner et al. ,2021,Global Airborne Observatory: Forest Canopy Height and Carbon Stocks of Panama,Asner et al 2021. Global Airborne Observatory: Forest Canopy Height and Carbon Stocks of Panama,terrestrial ecosystems,Ecology,review,regional,modern,9.14,-79.87,Yes,Yes,https://zenodo.org/record/4624240#.YFhpBq9KiUk,,,
Zimmerman et al. ,2001,"Conservation and development alliances with the Kayapó of south-eastern Amazonia, a tropical forest indigenous people","Zimmerman et al., 2001",Indigenous Territories,community-conservation partnerships,study_case,regional,modern,-7.12,-52.41,Yes,,10.1017/S0376892901000029 ,,,
Schwartzman et al.,2013,The natural and social history of the indigenous lands and protected areas corridor of the Xingu River basin,"Schwartzman et al., 2013",Indigenous Territories,community-conservation partnerships,,,modern,-7.75,-51.91,,,https://doi.org/10.1098/rstb.2012.0164,,,
Akesson et al.,2020,"2,100 years of human adaptation to climate change in the High Andes","Akesson et al 2020 Nat Eco Evo. 2,100 years of human adaptation to climate change in the High Andes",Montane forest,Paleoecology; archaeology,study_case,local,pre-colonial; colonial; modern,-6.85,-77.7,Yes,No,http://dx.doi.org/10.1038/s41559-019-1056-2,,,Oliver Wilson
Loughlin et al. ,2018,Ecological consequences of post-Columbian indigenous depopulation in the Andean–Amazonian corridor,Loughlin et al 2018 Nat Eco Evo. Ecological consequences of post-Columbian indigenous depopulation in the Andean–Amazonian corridor,Montane forest,Paleoecology; history,study_case,local,pre-human; pre-colonial; colonial; modern,-0.42,-78.02,Yes,No,https://doi.org/10.1038/s41559-018-0602-7,,,Oliver Wilson
Levis et al. ,2018,How People Domesticated Amazonian Forests,Levis et al 2018 Front Eco Evo. How People Domesticated Amazonian Forests,Tropical rainforest (Amazonia),Ecology; social,theory; study_case,regional,pre-colonial; modern,,,Yes,No,https://doi.org/10.3389/fevo.2017.00171,,,Oliver Wilson
Maezumi et al. ,2018,"The legacy of 4,500 years of polyculture agroforestry in the eastern Amazon","Maezumi et al 2018 Nat Plants. The legacy of 4,500 years of polyculture agroforestry in the eastern Amazon",Tropical rainforest (Amazonia),Paleoecology; archaeology; ecology,study_case,local,pre-colonial; colonial; modern,-2.82,-55.05,Yes,No,https://doi.org/10.1038/s41477-018-0205-y,,,Oliver Wilson
Kelly et al. ,2018,Continuous human presence without extensive reductions in forest cover over the past 2500 years in an aseasonal Amazonian rainforest,Kelly et al 2018 JQS. Continuous human presence without extensive reductions in forest cover over the past 2500 years in an aseasonal Amazonian rainforest,Tropical rainforest (Amazonia),Paleoecology; archaeology,study_case,local,pre-colonial; colonial; modern,-3.83,-73.32,Yes,No,https://doi.org/10.1002/jqs.3019,,,Oliver Wilson
Mayle and Iriarte ,2014,Integrated palaeoecology and archaeology e a powerful approach for understanding pre-Columbian Amazonia,Mayle & Iriarte 2014 JAS. Integrated palaeoecology and archaeology e a powerful approach for understanding pre-Columbian Amazonia,Tropical rainforest (Amazonia),Paleoecology; archaeology,theory; methods,regional; global,pre-colonial; colonial; modern,,,Yes,,https://doi.org/10.1016/j.jas.2012.08.038,,,Oliver Wilson
Aleman et al. ,2020,Floristic evidence for alternative biome states in tropical Africa,Aleman et al 2020 PNAS. Floristic evidence for alternative biome states in tropical Africa,"Tropical rainforest (Central Africa), Savanna",Paleoecology; ecology,study_case,continental,modern,,,Yes,No,https://doi.org/10.1073/pnas.2011515117,,,Oliver Wilson
Aleman et al. ,2018,Forest extent and deforestation in tropical Africa since 1900,Aleman et al 2018 Nat Eco Evo. Forest extent and deforestation in tropical Africa since 1900,"Tropical rainforest (Central Africa), Savanna",Paleoecology; ecology,study_case,continental,colonial; modern,,,Yes,No,https://doi.org/10.1038/s41559-017-0406-1,,,Oliver Wilson
Whitney et al. ,2019,Constraining pollen-based estimates of forest cover in the Amazon: A simulation approach,Whitney et al 2019 The Holocene. Constraining pollen-based estimates of forest cover in the Amazon: A simulation approach,"Tropical rainforest (Amazonia), Savanna",Palaeoecology,theory; methods; study_case,regional,modern,-14,-64,Yes,No,https://doi.org/10.1177/0959683618810394,,,Oliver Wilson
McMichael et al. ,2014,Bamboo-dominated forests and pre-Columbian earthwork formations in south-western Amazonia,McMichael et al 2014 J Biogeogr. Bamboo-dominated forests and pre-Columbian earthwork formations in south-western Amazonia,"Tropical rainforest (Amazonia), Savanna","Ecology, archaeology",study_case,regional,modern,,,Yes,No,https://doi.org/10.1111/jbi.12325,,,Oliver Wilson
Santos et al. ,2018,Detecting human presence and influence on neotropical forests with remote sensing,Santos et al 2018 Remote Sensing. Detecting human presence and influence on neotropical forests with remote sensing,Tropical rainforest,"Ecology, archaeology",methods,"regional, global",modern,,,Yes,,https://doi.org/10.3390/rs10101593,,,Oliver Wilson
Palace et al. ,2017,Ancient Amazonian populations left lasting impacts on forest structure,Palace et al 2017 Ecosphere. Ancient Amazonian populations left lasting impacts on forest structure,Tropical rainforest (Amazonia),"Ecology, archaeology",study_case,regional,modern,,,Yes,,https://doi.org/10.1002/ECS2.2035,,,Oliver Wilson
Haberle et al. ,2007,Prehistoric human impact on rainforest biodiversity in highland New Guinea.,Haberle 2007 Phil Trans B. Prehistoric human impact on rainforest biodiversity in highland New Guinea.,Tropical rainforest (New Guinea),"Paleoecology, archaeology",study_case,regional,"pre-colonial, colonial, modern",,,Yes,No,https://doi.org/10.1098/rstb.2006.1981,,,Oliver Wilson
Lima et al. ,2018,Late Pleistocene glacial forest elements of Brazilian Amazonia,Lima et al 2018 Palaeo3. Late Pleistocene glacial forest elements of Brazilian Amazonia,Tropical rainforest (Amazonia),Paleoecology,study_case; review,regional,pre-human,,,Yes,No,https://doi.org/10.1016/j.palaeo.2017.11.050,,,Oliver Wilson
Colinvaux et al. ,2000,Amazonian and neotropical plant communities on glacial time-scales: The failure of the aridity and refuge hypotheses,Colinvaux et al 2000 QSR. Amazonian and neotropical plant communities on glacial time-scales: The failure of the aridity and refuge hypotheses,Tropical rainforest (Amazonia),Paleoecology,theory; review,"regional, global",pre-human,,,Yes,,https://doi.org/10.1016/S0277-3791(99)00059-1,,,Oliver Wilson
Nogue et al. ,2018,"Exploring the Ecological History of a Tropical Agroforestry Landscape Using Fossil Pollen and Charcoal Analysis from Four Sites in Western Ghats, India","Nogue et al 2018 Ecosystems. Exploring the Ecological History of a Tropical Agroforestry Landscape Using Fossil Pollen and Charcoal Analysis from Four Sites in Western Ghats, India",Tropical rainforest (India),Paleoecology,study_case,regional,"pre-colonial, colonial, modern",12,75.75,Yes,Yes,https://doi.org/10.1007/s10021-017-0132-1,,,Oliver Wilson
Souza and Madella,,ExPaND database,ExPaND database - neotropical archaeological radiocarbon dates,Neotropics,Archaeology,review,continental,"pre-colonial, colonial, modern",,,Not explicitly,Yes,,,https://amazonexpand.wixsite.com/expand,Oliver Wilson
Kaufman et al. ,2020,A global database of Holocene paleotemperature records,Kaufman et al 2020 Sci Dat. A global database of Holocene paleotemperature records,Global,Paleoecology,review,global,"pre-colonial, colonial, modern",,,Yes,Yes,https://doi.org/10.1038/s41597-020-0445-3,https://doi.org/10.25921/4RY2-G808,https://lipdverse.org/globalHolocene/current_version/index.html,Oliver Wilson
Lima et al. ,paper: 2015 database: 2020,How much do we know about the endangered Atlantic Forest? Reviewing nearly 70 years of information on tree community surveys,TreeCo - Neotropical Tree Communities database,Neotropics,Ecology,review,regional,modern,,,Yes,Yes,http://dx.doi.org/10.1007/s10531-015-0953-1,,http://labtrop.ib.usp.br/doku.php?id=projetos:treeco:start,Oliver Wilson
Oliveira-Filho,2017,"NeoTropTree, Flora arbórea da Região Neotropical: Um banco de dados envolvendo biogeografia, diversidade e conservação.",NeoTropTree database - tree flora of the neotropical region,Neotropics,Ecology,review,continental,modern,,,No,Yes in aggregate,,,http://www.neotroptree.info/outputs,Oliver Wilson
Sanchez Goni et al. ,2017,The ACER pollen and charcoal database: a global resource to document vegetation and fire response to abrupt climate changes during the last glacial period,Sanchez Goni et al 2017 ESSD. The ACER pollen and charcoal database: a global resource to document vegetation and fire response to abrupt climate changes during the last glacial period,Global,"Paleoecology, archaeology",review,global,"pre-human, pre-colonial",,,Yes,Yes,https://doi.org/10.5194/essd-9-679-2017,https://doi.org/10.1594/PANGAEA.870867,,Oliver Wilson
Stephens et al.,2019,Archaeological assessment reveals Earth’s early transformation through land use,Stephens et al 2019 Archaeological assessment reveals Earth’s early transformation through land use,Global,Archaeology,review,global,pre-human,,,Yes,partially,https://science.sciencemag.org/content/365/6456/897.abstract?casa_token=99fY3sWTkeoAAAAA:u-ODxz9DSvYw705FMeNcUeRMEcW9V41lS2KiOM3Ygy8eNtl3zyJF4-v1yYp9vpMOIX-GxP1D2Sb8Og,https://dataverse.harvard.edu/dataset.xhtml?persistentId=doi:10.7910/DVN/6ZXAGT,,Xavier Benito
Cook-Patton et al.,2020,Mapping carbon accumulation potential from global natural forest regrowth,Cook Patton et al. 2020 Mapping carbon accumulation potential from global natural forest regrowth,Global forests,Ecology,theory; review,global,modern,,,Yes,Yes,https://doi.org/10.1038/s41586-020-2686-x,,https://www.nature.com/articles/s41586-020-2686-x#data-availability,Johanna Menges
Zhou et al. ,2014,Widespread decline of Congo rainforest greenness in the past decade,Zhou et al. 2014 Widespread decline of Congo rainforest greenness in the past decade,Tropical rainforest (Congo),Ecology,study_case,regional,modern,,,Yes,,,,,Johanna Menges
Laurance et al. ,2013,Agricultural expansion and its impacts on tropical nature,Laurance et al. 2013 Agricultural expansion and its impacts on tropical nature,Tropical rainforest,Ecology,review,global,modern,,,Yes,No,https://doi.org/10.1016/j.tree.2013.12.001,,https://www.sciencedirect.com/science/article/pii/S0169534713002929,Johanna Menges
Bleasdale et al. ,2020,Isotopic and microbotanical insights into Iron Age agricultural reliance in the Central African rainforest,Bleasdale et al. 2020 Isotopic and microbotanical insights into Iron Age agricultural reliance in the Central African rainforest,Tropical rainforest (Central Africa),Archeology,study_case,local,pre-colonial,0,18,Yes,Yes,https://doi.org/10.1038/s42003-020-01324-2,,https://www.nature.com/articles/s42003-020-01324-2#Abs1,Johanna Menges
Bayon et al. ,2012,Intensifying Weathering and Land Use in Iron Age Central Africa,Bayon et al. 2012 Intensifying Weathering and Land Use in Iron Age Central Africa,Tropical rainforest (Congo),Archeology,study_case,regional,pre-colonial,,,Yes,No,DOI: 10.1126/science.1215400,,https://science.sciencemag.org/content/335/6073/1219,Johanna Menges
Dargie et al. ,2017,"Age, extent and carbon storage of the central Congo Basin peatland complex ","Dargie et al. 2017 Age, extent and carbon storage of the central Congo Basin peatland complex ",Tropical rainforest (Congo),Ecology,study_case,local,modern,0,18,Yes,Yes,https://doi.org/10.1038/nature21048,,https://www.nature.com/articles/nature21048,Johanna Menges
Gillson & Marchant,2014,From myopia to clarity: sharpening the focus of ecosystem management through the lens of palaeoecology,Gillson & Marchant 2014 TREE. From myopia to clarity: sharpening the focus of ecosystem management through the lens of palaeoecology,Global,"Paleoecology, ecology",review,global,"pre-human, pre-colonial, colonial, modern",,,Yes,,https://doi.org/10.1016/j.tree.2014.03.010,,,Oliver Wilson
Haberle,2005,"A 23,000-yr pollen record from Lake Euramoo, Wet Tropics of NE Queensland, Australia","Haberle 2005 Quat Res. A 23,000-yr pollen record from Lake Euramoo, Wet Tropics of NE Queensland, Australia",Tropical rainforest (Australia),Paleoecology,study_case,local,"pre-human, pre-colonial, colonial, modern",-17.17,145.63,Yes,No,https://doi.org/10.1016/j.yqres.2005.08.013,,,Oliver Wilson
Haberle et al,2006,The impact of European occupation on terrestrial and aquatic ecosystem dynamics in an Australian tropical rain forest,Haberle et al 2006 J Ecol. The impact of European occupation on terrestrial and aquatic ecosystem dynamics in an Australian tropical rain forest,Tropical rainforest (Australia),Paleoecology,study_case,local,"pre-colonial, colonial, modern",-17.17,145.63,Yes,No,https://doi.org/10.1111/j.1365-2745.2006.01140.x,,,Oliver Wilson
Haberle & David,2004,Climates of change: human dimensions of Holocene environmental change in low latitudes of the PEPII transect,Haberle & David 2004 Qua Int. Climates of change: human dimensions of Holocene environmental change in low latitudes of the PEPII transect,Tropical rainforest (Australia/New Guinea),"Paleoecology, archaeology",review,regional,"pre-colonial, colonial, modern",,,Yes,No,https://doi.org/10.1016/S1040-6182(03)00136-8,,,Oliver Wilson
Haberle et al,2012,The palaeoenvironments of Kuk Swamp from the beginnings of agriculture in the highlands of Papua New Guinea,Haberle et al 2012 Qua Int. The palaeoenvironments of Kuk Swamp from the beginnings of agriculture in the highlands of Papua New Guinea,Tropical rainforest (New Guinea),"Paleoecology, archaeology",study_case,local,"pre-colonial, colonial, modern",-5.78,144.33,Yes,No,https://doi.org/10.1016/j.quaint.2011.07.048,,,Oliver Wilson
Haberle et al,2001,Biomass burning in Indonesia and Papua New Guinea: natural and human induced fire events in the fossil record,Haberle et al 2001 Palaeo3. Biomass burning in Indonesia and Papua New Guinea: natural and human induced fire events in the fossil record,Tropical rainforest (Indonesia/New Guinea),Paleoecology,review,regional,"pre-colonial, colonial, modern",,,Yes,No,https://doi.org/10.1016/S0031-0182(01)00248-6,,,Oliver Wilson
Hapsari et al,2020,"Intertwined effects of climate and land use change on environmental dynamics and carbon accumulation in a mangrove-fringed coastal lagoon in Java, Indonesia","Hapsari et al 2020 GCB. Intertwined effects of climate and land use change on environmental dynamics and carbon accumulation in a mangrove-fringed coastal lagoon in Java, Indonesia",Tropical mangrove (Indonesia),"Paleoecology, ecology",study_case,local,"pre-colonial, colonial, modern",-7.67,108.82,Yes,No,https://doi.org/10.1111/gcb.14926,,,Oliver Wilson
Hapsari et al,2017,"Resilience of a peatland in Central Sumatra, Indonesia to past anthropogenic disturbance: Improving conservation and restoration designs using palaeoecology","Hapsari et al 2017 J Ecol. Resilience of a peatland in Central Sumatra, Indonesia to past anthropogenic disturbance: Improving conservation and restoration designs using palaeoecology",Tropical peatland (Indonesia),"Paleoecology, archaeology",study_case,local,"pre-colonial, colonial, modern",-1.24,103.62,Yes,No,https://doi.org/10.1111/1365-2745.13000,,,Oliver Wilson
Hapsari et al,2017,"Environmental dynamics and carbon accumulation rate of a tropical peatland in Central Sumatra, Indonesia","Hapsari et al 2017 QSR. Environmental dynamics and carbon accumulation rate of a tropical peatland in Central Sumatra, Indonesia",Tropical peatland (Indonesia),"Paleoecology, ecology",study_case,local,"pre-human, pre-colonial, colonial, modern",-1.24,103.62,Yes,Yes,https://doi.org/10.1016/j.quascirev.2017.05.026,https://doi.pangaea.de/10.1594/PANGAEA.888596,,Oliver Wilson
Biagioni et al ,2016,"Unravelling the past 1,000 years of history of human–climate– landscape interactions at the Lindu plain, Sulawesi, Indonesia","Biagioni et al 2016 Veg Hist Arch. Unravelling the past 1,000 years of history of human–climate–landscape interactions at the Lindu plain, Sulawesi, Indonesia",Tropical rainforest (Indonesia),"Paleoecology, archaeology",study_case,local,"pre-colonial, colonial, modern",-1.34,120.08,Yes,No,https://doi.org/10.1007/s00334-015-0523-1,,,Oliver Wilson
Biagioni et al ,2015,"8000 years of vegetation dynamics and environmental changes of a unique inland peat ecosystem of the Jambi Province in Central Sumatra, Indonesia","Biagioni et al 2015 Palaeo3. 8000 years of vegetation dynamics and environmental changes of a unique inland peat ecosystem of the Jambi Province in Central Sumatra, Indonesia",Tropical rainforest (Indonesia),Paleoecology,study_case,local,"pre-human, pre-colonial, colonial, modern",-2.05,102.7,Yes,No,https://doi.org/10.1016/j.palaeo.2015.09.048,,,Oliver Wilson
Dommain et al,2014,Carbon storage and release in Indonesian peatlands since the last deglaciation,Dommain et al 2014 QSR. Carbon storage and release in Indonesian peatlands since the last deglaciation,Tropical peatland (Indonesia),"Paleoecology, ecology",review,regional,"pre-human, pre-colonial, colonial, modern",,,Yes,No,https://doi.org/10.1016/j.quascirev.2014.05.002,,,Oliver Wilson
Hope et al,2005,"The Stratigraphy and Fire History of the Kutai Peatlands, Kalimantan, Indonesia","Hope et al 2005 Quat Res. The Stratigraphy and Fire History of the Kutai Peatlands, Kalimantan, Indonesia",Tropical peatland (Indonesia),"Paleoecology, ecology",study_case,local,"pre-human, pre-colonial, colonial, modern",-0.2,116.25,Yes,No,https://doi.org/10.1016/j.yqres.2005.08.009,,,Oliver Wilson
Vijay et al,2016,The Impacts of Oil Palm on Recent Deforestation and Biodiversity Loss,Vijay et al 2016 The Impacts of Oil Palm on Recent Deforestation and Biodiversity Loss,Global,Ecology,study_case,global,modern,,,Yes,No,10.1371/journal.pone.0159668,,,Xavier Benito
Souza et al,2019,Climate change and cultural resilience in late pre-Columbian Amazonia,Souza et al 2019 Climate change and cultural resilience in late pre-Columbian Amazonia,Neotropics,"Paleoecology, archaeology",review,regional,"pre-human, pre-colonial",,,Yes,Yes,,,,
Githumbi et al,2020,Using the Past to Inform a Sustainable Future: Palaeoecological Insights from East Africa,Githumbi et al 2020 Africa & SDGs. Using the Past to Inform a Sustainable Future: Palaeoecological Insights from East Africa,Africa,"Paleoecology, archaeology, ecology, social",review,continental,"pre-colonial, colonial, modern",,,Yes,No,http://dx.doi.org/10.1007/978-3-030-14857-7_18,,https://www.researchgate.net/profile/Esther-Githumbi/publication/333784453_Using_the_Past_to_Inform_a_Sustainable_Future_Palaeoecological_Insights_from_East_Africa/links/5d5e87b592851c376371b8a7/Using-the-Past-to-Inform-a-Sustainable-Future-Palaeoecological-Insights-from-East-Africa.pdf?_sg%5B0%5D=pliPeHOJB0ZDA8EvWulyAaFkDZpJCaz6a3QBqmiqnQmhESfUEtftQucZJ1yFccSVHDyDhLD0QOXM5vlSxpeHtg.CfjaVoWQm5o7SyMZZcKqjkMmhpEorcYIDWi3vczmvM7SF5D03a84T823qz2IYK3MKhBwCqzbPYVFAlzPgly60Q&_sg%5B1%5D=VeKtKXC8AF26DV0ahiG9dIipHFCXK0ng-12aNw6MSGEQlPMy-ReN1cF8Gh6jaXuxoa1zo6e9juJmLlkwRWlBwG2z6ywcYWtssVGeAeCY9Lnp.CfjaVoWQm5o7SyMZZcKqjkMmhpEorcYIDWi3vczmvM7SF5D03a84T823qz2IYK3MKhBwCqzbPYVFAlzPgly60Q&_iepl=,Oliver Wilson
Marchant et al,2018,Drivers and trajectories of land cover change in East Africa: Human and environmental interactions from 6000 years ago to present,Marchant et al 2018 ESR. Drivers and trajectories of land cover change in East Africa: Human and environmental interactions from 6000 years ago to present,East Africa,"Paleoecology, archaeology",review,regional,"pre-colonial, colonial, modern",,,Yes,No,https://doi.org/10.1016/j.earscirev.2017.12.010,,,Oliver Wilson
Ellis et al ,2021,"People have shaped most of terrestrial nature for at least 12,000 years","Ellis et al People have shaped most of terrestrial nature for at least 12,000 years",Global ecosystems,"Paleoecology, archaeology, ecology",review,global,"pre-human, pre-colonial, colonia",,,Yes,Yes,10.1073/pnas.2023483118,https://doi.org/10.7910/DVN/E3H3AK,,Xavier Benito
Hamilton et al,2020,"Forest, fire & monsoon: investigating the long-term threshold dynamics of south-east Asia’s seasonally dry tropical forests","Hamilton et al 2020 QSR Forest, fire & monsoon: investigating the long-term threshold dynamics of south-east Asia’s seasonally dry tropical forests",seasonally dry tropical forest,Palaeoecology,study_case,local,"pre-colonial, colonial, modern",13.37,107.15,Yes,Yes,https://doi.org/10.1016/j.quascirev.2020.106334,https://doi.org/10.1016/j.quascirev.2020.106334,,Rebecca Hamilton
Hamilton et al,2019,A 4700-year record of hydroclimate variability over the Asian monsoon intersection zone inferred from multi-proxy analysis of lake sediments,Hamilton et al 2019 GPC A 4700-year record of hydroclimate variability over the Asian monsoon intersection zone inferred from multi-proxy analysis of lake sediments,limnic,limnology,study_case,local,"pre-colonial, colonial, modern",13.37,107.15,Yes,Yes,https://doi.org/10.1016/j.gloplacha.2018.12.009,https://doi.org/10.1016/j.gloplacha.2018.12.009,,Rebecca Hamilton
Hamilton et al,2019,"A 16,000-year record of climate, vegetation and fire from Wallacean lowland tropical forests","Hamilton et al QSR A 16,000-year record of climate, vegetation and fire from Wallacean lowland tropical forests",evergreen tropical forest,Palaeoecology; limnology,study_case,local,"pre-colonial, colonial, modern",-2.66,121.7,Yes,Yes,https://doi.org/10.1016/j.quascirev.2019.105929,https://doi.org/10.1016/j.quascirev.2019.105929,,Rebecca Hamilton
Cole et al.,2019,Fire in the Swamp Forest: Palaeoecological Insights Into Natural and Human-Induced Burning in Intact Tropical Peatlands,Cole et al 2019 Front. For. Glob. Change Fire in the Swamp Forest: Palaeoecological Insights into Natural and Human-induced Burning in Intact Tropical Peatlands,Tropical peatland (Malaysia),Palaeoecology,study_case,local,"pre-human, pre-colonial, modern",4.36,114.05,Yes,Yes,https://doi.org/10.3389/ffgc.2019.00048,https://doi.org/10.5061/dryad.b5r07,,Lydia Cole
McMichael et al. ,2017,Ancient human disturbances may be skewing our understanding of Amazonian forests,McMichael et al 2017 PNAS. Ancient human disturbances may be skewing our understanding of Amazonian forests,Tropical rainforest (Amazonia),"Archaeology, ecology","study_case, review",regional,"pre-colonial, colonial, modern",,,Yes,No,https://doi.org/10.1073/pnas.1614577114,,,Oliver Wilson
Gillson et al,2003,Representing environments in flux: case studies from East Africa,Gillson et al 2003 Area. Representing environments in flux: case studies from East Africa,Tropical forest (East Africa),"Paleoecology, archaeology","study_case, review",regional,"pre-colonial, colonial, modern",-4,38,Yes,No,https://doi.org/10.1111/j.0004-0894.2003.00188.x,,,Oliver Wilson
Heckmann et al,2014,"Human–environment interactions in an agricultural landscape: A 1400-yr sediment and pollen record from North Pare, NE Tanzania","Heckmann et al 2014 Palaeo3. Human–environment interactions in an agricultural landscape: A 1400-yr sediment and pollen record from North Pare, NE Tanzania",Tropical forest (East Africa),"Paleoecology, archaeology",study_case,local,"pre-colonial, colonial, modern",-3.71,37.67,Yes,No,http://dx.doi.org/10.1016/j.palaeo.2014.04.005,,,Oliver Wilson
Finch et al,2016,"Ecosystem change in the South Pare Mountain bloc, Eastern Arc Mountains of Tanzania","Finch et al 2016 Holocene. Ecosystem change in the South Pare Mountain bloc, Eastern Arc Mountains of Tanzania",Tropical forest (East Africa),"Paleoecology, archaeology",study_case,local,"pre-colonial, colonial, modern",-4.29,37.92,Yes,Yes,https://doi.org/10.1177/0959683616675937,,https://dx.doi.org/10.21233/JK1S-VG18,Oliver Wilson
Stump,2010,“Ancient and Backward or Long-Lived and Sustainable?” The Role of the Past in Debates Concerning Rural Livelihoods and Resource Conservation in Eastern Africa,Stump 2010 World Dev. “Ancient and Backward or Long-Lived and Sustainable?” The Role of the Past in Debates Concerning Rural Livelihoods and Resource Conservation in Eastern Africa,Tropical forest (East Africa),"Archaeology, social",review,regional,"pre-colonial, colonial, modern",,,Yes,No,https://doi.org/10.1016/j.worlddev.2010.02.007,,,Oliver Wilson
Marchant & Lane,2014,Past perspectives for the future: foundations for sustainable development in East Africa,Marchant & Lane 2014 JAS. Past perspectives for the future: foundations for sustainable development in East Africa,East Africa,"Paleoecology, archaeology, ecology, social",review,regional,"pre-colonial, colonial, modern",,,Yes,,https://doi.org/10.1016/j.jas.2013.07.005,,,Oliver Wilson
Stump,2013,"On Applied Archaeology, Indigenous Knowledge, and the Usable Past","Stump 2013 Curr Anth. On Applied Archaeology, Indigenous Knowledge, and the Usable Past",,"Archaeology, social","review, theory",global,"pre-colonial, colonial, modern",,,Yes,,https://doi.org/10.1086/670330,,,Oliver Wilson
Lezine et al,2019,"A 90,000-year record of Afromontane forest responses to climate change","Lezine et al 2019 Science. A 90,000-year record of Afromontane forest responses to climate change",Montane forest,Paleoecology,study_case,local,"pre-human, pre-colonial, colonial, modern",5.94,10.24,Yes,Yes,https://doi.org/10.1126/science.aav6821,https://dx.doi.org/10.21233/3epn-hs17,,Oliver Wilson
PAGES 2k consortium,2017,A global multiproxy database for temperature reconstructions of the Common Era,PAGES2k 2017 Sci Dat. A global multiproxy database for temperature reconstructions of the Common Era,Global,Paleoecology,review,global,"pre-human, pre-colonial, colonial, modern",,,Yes,Yes,https://doi.org/10.1038/sdata.2017.88,https://doi.org/10.6084/m9.figshare.c.3285353.v2,,Oliver Wilson
Schulz et al,2019,"Uses, cultural significance, and management of peatlands in the Peruvian Amazon: Implications for conservation","Schulz et al 2019 J Bio Con. Uses, cultural significance, and management of peatlands in the Peruvian Amazon: Implications for conservation",Tropical peatland (Amazonia),"Ecology, social",study_case,local,modern,-4.5,-75,Yes,No,https://doi.org/10.1016/j.biocon.2019.04.005,,,Oliver Wilson
Schulz et al,2019,Peatland and wetland ecosystems in Peruvian Amazonia: indigenous classifications and perspectives,Schulz et al 2019 ES. Peatland and wetland ecosystems in Peruvian Amazonia: indigenous classifications and perspectives,Tropical peatland (Amazonia),"Ecology, social",study_case,local,modern,-4.5,-75,Yes,No,https://doi.org/10.5751/ES-10886-240212,,,Oliver Wilson
Levis et al. ,2017,Persistent effects of pre-Columbian plant domestication on Amazonian forest composition,Levis et al 2017 Science. Persistent effects of pre-Columbian plant domestication on Amazonian forest composition,Tropical rainforest (Amazonia),"Archaeology, ecology",study_case,regional,"pre-colonial, colonial, modern",,,Yes,,https://doi.org/10.1126/science.aal0157,,,Oliver Wilson
Oliveira et al,2020,Legacy of Amazonian Dark Earth soils on forest structure and species composition,Oliveira et al 2020 GEB. Legacy of Amazonian Dark Earth soils on forest structure and species composition,Tropical rainforest (Amazonia),"Archaeology, ecology",study_case,local,"pre-colonial, colonial, modern",,,Yes,,https://doi.org/10.1111/geb.13116,,,Oliver Wilson
Odonne et al,2019,Long-term influence of early human occupations on current forests of the Guiana Shield,Odonne et al 2019 Ecology. Long-term influence of early human occupations on current forests of the Guiana Shield,Tropical rainforest (Amazonia),"Archaeology, ecology",study_case,local,"pre-colonial, colonial, modern",,,Yes,,https://doi.org/10.1002/ecy.2806,,,Oliver Wilson
Levis et al. ,2020,Pre-Columbian soil fertilization and current management maintain food resource availability in old-growth Amazonian forests,Levis et al 2020 Plant & Soil. Pre-Columbian soil fertilization and current management maintain food resource availability in old-growth Amazonian forests,Tropical rainforest (Amazonia),"Archaeology, ecology",study_case,local,"pre-colonial, colonial, modern",,,Yes,,https://doi.org/10.1007/s11104-020-04461-z,,,Oliver Wilson
Zurita-Benavides et al,2016,Oral History Reveals Landscape Ecology in Ecuadorian Amazonia: Time Categories and Ethnobotany among Waorani People,Zurita-Benavides et al 2016 Econ Bot. Oral History Reveals Landscape Ecology in Ecuadorian Amazonia: Time Categories and Ethnobotany among Waorani People,Tropical rainforest (Amazonia),"Ecology, social",study_case,local,modern,-1.1,-77.3,Yes,,https://doi.org/10.1007/s12231-015-9330-y,,,Oliver Wilson
Richer & Gearey,2017,The Medicine Tree: Unsettling palaeoecological perceptions of past environments and human activity,Richer & Gearey 2017 JSA. The Medicine Tree: Unsettling palaeoecological perceptions of past environments and human activity,,"Palaeoecology, social",theory,global,"pre-colonial, colonial, modern",,,Yes,,https://doi.org/10.1177/1469605317731013,,,Oliver Wilson
Dryflor,2016,Plant diversity patterns in neotropical dry forests and their conservation implications,Dryflor 2016 Science. Plant diversity patterns in neotropical dry forests and their conservation implications,Tropical dry forest (Neotropics),Ecology,"study_case, review",continental,modern,,,Yes,Yes,https://doi.org/10.1126/science.aaf5080,,http://www.dryflor.info/,Oliver Wilson
ForestPlots,,ForestPlots network,ForestPlots network dataset,Tropical forest,Ecology,review,global,modern,,,?,Yes,,,https://www.forestplots.net/en,Oliver Wilson
ter Steege et al,2013,Hyperdominance in the Amazonian Tree Flora,ter Steege et al 2013 Science. Hyperdominance in the Amazonian Tree Flora,Tropical rainforest (Amazonia),Ecology,review,regional,modern,,,Yes,Some,http://dx.doi.org/10.1126/science.1243092,,,Oliver Wilson
Sullivan et al,2020,Long-term thermal sensitivity of Earth’s tropical forests,Sullivan et al 2020 Science. Long-term thermal sensitivity of Earth’s tropical forests,Tropical rainforest,Ecology,"study_case, review",global,modern,,,Yes,No,https://doi.org/10.1126/science.aaw7578,,,Oliver Wilson
ter Steege et al,2020,Biased-corrected richness estimates for the Amazonian tree flora,ter Steege et al 2020 Sci Rep. Biased-corrected richness estimates for the Amazonian tree flora,Tropical rainforest (Amazonia),Ecology,"study_case, review",regional,modern,,,Yes,,https://doi.org/10.1038/s41598-020-66686-3,,,Oliver Wilson
Esquivel-Muelbert et al,2019,Compositional response of Amazon forests to climate change,Esquivel-Muelbert et al 2019 GEB. Compositional response of Amazon forests to climate change,Tropical rainforest (Amazonia),Ecology,study_case,regional,modern,,,Yes,Some,https://doi.org/10.1111/gcb.14413,,,Oliver Wilson
Sande et al,2019,A 7000‐year history of changing plant trait composition in an Amazonian landscape; the role of humans and climate,Sande et al 2019 Ecol Lett. A 7000‐year history of changing plant trait composition in an Amazonian landscape; the role of humans and climate,Tropical rainforest (Amazonia),Paleoecology,study_case,local,"pre-colonial, colonial, modern",-6.7,-76.22,Yes,Yes,https://doi.org/10.1111/ele.13251,https://doi.org/10.17026/dans-z3z-n3k2,,Oliver Wilson
Barnosky et al,2017,Merging paleobiology with conservation biology to guide the future of terrestrial ecosystems,Barnosky et al 2017 Science. Merging paleobiology with conservation biology to guide the future of terrestrial ecosystems,Global,"Paleoecology, ecology","review, theory",global,"pre-human, pre-colonial, colonial, modern",,,Yes,,https://doi.org/10.1126/science.aah4787,,,Oliver Wilson
Souza et al,2020,Reconstructing Three Decades of Land Use and Land Cover Changes in Brazilian Biomes with Landsat Archive and Earth Engine,MapBiomas; Souza et al 2020 Rem Sens. Reconstructing Three Decades of Land Use and Land Cover Changes in Brazilian Biomes with Landsat Archive and Earth Engine,Neotropics,Ecology,"study_case, review",continental,modern,,,Yes,Yes,https://doi.org/10.3390/rs12172735,,https://mapbiomas.org/en/initiatives,Oliver Wilson
Rejou-Mechain et al,2021,Unveiling African rainforest composition and vulnerability to global change,Rejou-Mechain et al 2021 Unveiling African rainforest composition and vulnerability to global change,Tropical rainforest (Africa),Ecology,study_case,regional,modern,,,Yes,Yes,https://doi.org/10.1038/s41586-021-03483-6,https://doi.org/10.18167/DVN1/UCNCA7,,Xavier Benito
Bertassoli Jr et al,2019,Spatiotemporal Variations of Riverine Discharge Within the Amazon Basin During the Late Holocene Coincide With Extratropical Temperature Anomalies,Bertassoli Jr et al 2019 Spatiotemporal Variations of Riverine Discharge Within the Amazon Basin During the Late Holocene Coincide With Extratropical Temperature Anomalies,Tropical rainforest (Amazonia),Paleohidrology,study_case,regional,late Holocene,-1.709,-52.28,yes,yes,https://doi.org/10.1029/2019GL082936,,,Fabiano Pupim
Heckenberger et al. ,2009,Amazonian Archaeology,Heckenberger et al. 2009 Amazonian Archaeology,Tropical rainforest (Amazonia),Archeology,review,regional,"pre-colonial, colonial, modern",,,yes,,https://doi.org/10.1146/annurev-anthro-091908-164310,,https://www.annualreviews.org/doi/pdf/10.1146/annurev-anthro-091908-164310,Johanna Menges
Bush et al.,2008,"Fire, climate change and biodiversity in Amazonia: a Late-Holocene perspective","Bush et al. 2008 Fire, climate change and biodiversity in Amazonia: a Late-Holocene perspective",Tropical rainforest (Amazonia),Paleoecology,study_case,local,late Holocene,,,yes,Not found,https://doi.org/10.1098/rstb.2007.0014,,https://royalsocietypublishing.org/doi/full/10.1098/rstb.2007.0014#d12848962e2754s,Johanna Menges
Nevle et al. ,2011,"Neotropical human–landscape interactions, fire, and atmospheric CO2 during European conquest","Nevle et al. 2011 Neotropical human–landscape interactions, fire, and atmospheric CO2 during European conquest",,Paleoecology,study_case,local,"pre-colonial, colonial",,,yes,,https://doi.org/10.1177/0959683611404578,,https://journals.sagepub.com/doi/abs/10.1177/0959683611404578,Johanna Menges
Haggi et al,2018,Response of the Amazon rainforest to late Pleistocene climate variability,Haggi et al 2018 Response of the Amazon rainforest to late Pleistocene climate variability,Tropical rainforest (Amazonia),Paleoclimate,study_case,regional,late Pleistocene,-6.660555556,-52.09416667,yes,yes,https://doi.org/10.1016/j.epsl.2017.09.013,,https://doi.org/10.1594/PANGAEA.881516,Fabiano Pupim
Wang et al,2017,"Hydroclimate changes across the Amazon lowlands over the past 45,000 years","Wang et al 2017 Hydroclimate changes across the Amazon lowlands over the past 45,000 years",Tropical rainforest (Amazonia),Paleoclimate (speleotheme),study_case,regional,late Pleistocene/Holocene,-4.066666667,-55.45,yes,yes,https://doi.org/10.1038/nature20787,,,Fabiano Pupim
Cheng et al,2013,Climate change patterns in Amazonia and biodiversity,Cheng et al 2013 Climate change patterns in Amazonia and biodiversity,Tropical rainforest (Amazonia),Paleoclimate (speleotheme),study_case,regional,mid-late Pleistocene/Holocene,-5.9333,-77.3,yes,yes,https://doi.org/10.1038/ncomms2415,,,Fabiano Pupim
McGlue et al,2012,"Lacustrine records of Holocene flood pulse dynamics in the Upper Paraguay River watershed (Pantanal wetlands, Brazil)","McGlue et al 2012 Lacustrine records of Holocene flood pulse dynamics in the Upper Paraguay River watershed (Pantanal wetlands, Brazil)",Pantanal wetland,Paleolimnology,study_case,local,Holocene,-18.13,-57.55,yes,no,https://doi.org/10.1016/j.yqres.2012.05.015,,,Fabiano Pupim
Roberts et al. ,2017,The deep human prehistory of global tropical forests and its relevance for modern conservation,Roberts et al. 2017,Tropical forest,Archeology,review,global,late pleistocene ,,,yes,no,https://doi.org/10.1038/nplants.2017.93,,,Giorgia Camperio
ibbs et al. ,2009,Tropical forests were the primary sources of new agricultural land in the 1980s and 1990s,,Tropical forest,ecology remote sensing ,review,global,modern,,,yes,yes,https://doi.org/10.1073/pnas.0910275107,,,Giorgia Camperio
Arroyo-Kalin & Riris,2021,Did pre-Columbian populations of the Amazonian biome reach carrying capacity during the Late Holocene?,Arroyo-Kalin & Riris,Tropical rainforest (Amazonia),palaeodemography,study_case,regional,Holocene,,,yes,yes,https://doi.org/10.1098/rstb.2019.0715,,,Philip Riris
Riris & Arroyo-Kalin,2019,Widespread population decline in South America correlates with mid-Holocene climate change,Riris & Arroyo-Kalin,South America,palaeodemography,study_case,continental,Holocene,,,yes,yes,https://doi.org/10.1038/s41598-019-43086-w,,,Philip Riris
De Souza & Riris,2021,"Delayed demographic transition following the adoption of cultivated plants in the eastern La Plata Basin and Atlantic coast, South America",De Souza & Riris,La Plata basin,palaeodemography,study_case,regional,Holocene,,,yes,yes,https://doi.org/10.1016/j.jas.2020.105293,,,Philip Riris
Nascimento et al,2019,"Vegetation response to climatic changes in western Amazonia over the last 7,600 years","Nascimento et a. 2019 Vegetation response to climatic changes in western Amazonia over the last 7,600 years",Tropical rainforest (Amazonia),Paleoecology,study_case,local,Holocene,0.285,-66.676,yes,yes,https://doi.org/10.1111/jbi.13704 ,,https://doi.org/10.1111/jbi.13704 ,Majoi N. Nascimento
Nascimento et al,2018,"A 12,700-year history of paleolimnological change from an Andean microrefugium","Nascimento et al. 2018 A 12,700-year history of paleolimnological change from an Andean microrefugium","Montane forest, lake (Andes)",Paleolimnology,study_case,local,Holocene,-13.98023,-71.037708,yes,yes,https://doi.org/10.1177/0959683618810400,,,Majoi N. Nascimento
Nascimento et al,2020,The adoption of agropastoralism and increased ENSO frequency in the Andes,Nascimento et al. 2020 The adoption of agropastoralism and increased ENSO frequency in the Andes,Montane forest (Andes),Paleoecology,study_case,local,Holocene,-2.8427778,-79.146111,yes,yes,https://doi.org/10.1016/j.quascirev.2020.106471,,,Majoi N. Nascimento
Adolf et al.,2020,Identifying drivers of forest resilience in long-term records from the Neotropics,Adolf et al 2020 Identifying drivers of forest resilience in long-term records from the Neotropics,Tropical forest,Paleoecology,theory,regional,Holocene,,,yes,yes,https://doi.org/10.1098/rsbl.2020.0005,https://doi.org/10.5061/dryad.xwdbrv19c,https://royalsocietypublishing.org/doi/10.1098/rsbl.2020.0005#d1e1998,Carole Adolf
Roberts et al.,2020,Late Pleistocene to Holocene human palaeoecology in the tropical environments of coastal eastern Africa,Roberts et al.2020Late Pleistocene to Holocene human palaeoecology in the tropical environments of coastal eastern Africa,Tropical forest (East Africa),Archaeology/Palaeoecology,study_case,local,pre-colonial,-3.678611111,39.73583333,Yes,Yes,https://doi.org/10.1016/j.palaeo.2019.109438,https://doi.org/10.1016/j.palaeo.2019.109438,,Patrick Roberts
Roberts et al.,2017,Fruits of the forest: Human stable isotope ecology and rainforest adaptations in Late Pleistocene and Holocene (∼36 to 3 ka) Sri Lanka,Roberts et al.2017Fruits of the forest: Human stable isotope ecology and rainforest adaptations in Late Pleistocene and Holocene (∼36 to 3 ka) Sri Lanka,Tropical forest (Sri Lanka),Archaeology/Palaeoecology,study_case,local,pre-colonial,6.766666667,80.2,Yes,Yes,https://doi.org/10.1016/j.jhevol.2017.01.015,https://doi.org/10.1016/j.jhevol.2017.01.015,,Patrick Roberts
Premathilake and Risberg,2003,"Late Quaternary climate history of the Horton Plains, central Sri Lanka","Premathilake and Risberg2003Late Quaternary climate history of the Horton Plains, central Sri Lanka",Tropical forest (Sri Lanka),Archaeology/Palaeoecology,study_case,regional,pre-colonial,6.8,80.8,Yes,Yes,https://doi.org/10.1016/S0277-3791(03)00128-8,https://doi.org/10.1016/S0277-3791(03)00128-8,,Patrick Roberts
Hunt et al.,2012,"A 50,000-year record of late Pleistocene tropical vegetation and human impact in lowland Borneo","Hunt et al.2012A 50,000-year record of late Pleistocene tropical vegetation and human impact in lowland Borneo",Tropical forest (Southeast Asia),Archaeology/Palaeoecology,study_case,local,pre-colonial,3.808330556,113.7754972,Yes,Yes,https://doi.org/10.1016/j.quascirev.2012.01.014,https://doi.org/10.1016/j.quascirev.2012.01.014,,Patrick Roberts
Bush et al.,2021,Widespread reforestation before European influence in Amazonia,Bush et al.2021Widespread reforestation before European influence in Amazonia,Tropical rainforest (Amazonia),Palaeoecology,review,regional,pre-colonial,,,Yes,Yes,10.1126/science.abf3870,,,Xavier Benito
Nogue et al. ,2021,The human dimension of biodiversity changes on islands,Nogue et al 2021The human dimension of biodiversity changes on islands,Global,Palaeoecology,theory,global,Holocene,,,Yes,,10.1126/science.abd6706,,https://science.sciencemag.org/content/372/6541/488,Carole Adolf